[
  {
    "id": "4c989640-a3b5-445b-a29c-678430ffc22a",
    "data": [
      {
        "text": "Thinking of ",
        "userDefined": false
      },
      {
        "text": "Bern",
        "alias": "geo-city",
        "meta": "@sys.geo-city",
        "userDefined": true
      },
      {
        "text": " for a trip",
        "userDefined": false
      }
    ],
    "isTemplate": false,
    "count": 0,
    "updated": 0
  },
  {
    "id": "e60366b8-3496-4ccc-8d1a-017e366169a7",
    "data": [
      {
        "text": "Is ",
        "userDefined": false
      },
      {
        "text": "Bonn",
        "alias": "geo-city",
        "meta": "@sys.geo-city",
        "userDefined": true
      },
      {
        "text": " weather sunny now?",
        "userDefined": false
      }
    ],
    "isTemplate": false,
    "count": 0,
    "updated": 0
  },
  {
    "id": "b54019ab-aba1-45e9-a7ca-360ba7628ffd",
    "data": [
      {
        "text": "In ",
        "userDefined": false
      },
      {
        "text": "Berlin",
        "alias": "geo-city",
        "meta": "@sys.geo-city",
        "userDefined": false
      },
      {
        "text": " currently is it snowing?",
        "userDefined": false
      }
    ],
    "isTemplate": false,
    "count": 0,
    "updated": 0
  },
  {
    "id": "b0e40741-18e7-4546-a96a-496b292893c5",
    "data": [
      {
        "text": "California",
        "alias": "geo-state",
        "meta": "@sys.geo-state",
        "userDefined": false
      },
      {
        "text": " weather at the moment please?",
        "userDefined": false
      }
    ],
    "isTemplate": false,
    "count": 0,
    "updated": 0
  },
  {
    "id": "6894349d-3617-4672-9dd9-fd6ee7114632",
    "data": [
      {
        "text": "Is it cold currently in ",
        "userDefined": false
      },
      {
        "text": "Rome",
        "alias": "geo-city",
        "meta": "@sys.geo-city",
        "userDefined": false
      },
      {
        "text": "?",
        "userDefined": false
      }
    ],
    "isTemplate": false,
    "count": 0,
    "updated": 0
  },
  {
    "id": "077dabbd-2a64-4012-9408-0265dc2b3b59",
    "data": [
      {
        "text": "We want to visit ",
        "userDefined": false
      },
      {
        "text": "Palo Alto",
        "alias": "geo-city",
        "meta": "@sys.geo-city",
        "userDefined": false
      }
    ],
    "isTemplate": false,
    "count": 0,
    "updated": 0
  },
  {
    "id": "b060e386-13f7-47eb-abfd-b2035d76a9c7",
    "data": [
      {
        "text": "We are planning a family trip to ",
        "userDefined": false
      },
      {
        "text": "New York",
        "alias": "geo-city",
        "meta": "@sys.geo-city",
        "userDefined": false
      }
    ],
    "isTemplate": false,
    "count": 0,
    "updated": 0
  },
  {
    "id": "e0d5df20-d0f8-48ff-ac48-b2d406dfe04e",
    "data": [
      {
        "text": "How is it going with the weather in ",
        "userDefined": false
      },
      {
        "text": "Paris",
        "alias": "geo-city",
        "meta": "@sys.geo-city",
        "userDefined": false
      }
    ],
    "isTemplate": false,
    "count": 0,
    "updated": 0
  },
  {
    "id": "3b7b1a49-50b9-4b24-b17b-5df2f4bc7d56",
    "data": [
      {
        "text": "We are going to ",
        "userDefined": false
      },
      {
        "text": "Madrid",
        "alias": "geo-city",
        "meta": "@sys.geo-city",
        "userDefined": true
      }
    ],
    "isTemplate": false,
    "count": 0,
    "updated": 0
  },
  {
    "id": "765bb099-d746-481a-9e07-870f55fe04d4",
    "data": [
      {
        "text": "We are traveling to ",
        "userDefined": false
      },
      {
        "text": "Amsterdam",
        "alias": "geo-city",
        "meta": "@sys.geo-city",
        "userDefined": false
      }
    ],
    "isTemplate": false,
    "count": 0,
    "updated": 0
  },
  {
    "id": "739e30a7-1572-44d5-978d-754aab710f11",
    "data": [
      {
        "text": "Is it raining in ",
        "userDefined": false
      },
      {
        "text": "Johannesburg",
        "alias": "geo-city",
        "meta": "@sys.geo-city",
        "userDefined": true
      }
    ],
    "isTemplate": false,
    "count": 0,
    "updated": 0
  },
  {
    "id": "87b37393-3ede-4252-a138-990674942be6",
    "data": [
      {
        "text": "I want to know the weather in ",
        "userDefined": false
      },
      {
        "text": "Lisbon",
        "alias": "geo-city",
        "meta": "@sys.geo-city",
        "userDefined": false
      }
    ],
    "isTemplate": false,
    "count": 0,
    "updated": 0
  }
]